<?xml version="1.0" encoding="utf-8"?>
<ModMetaData>
	<name>Everyone is Queer</name>
	<author>Suzi and Marcus</author>
	<targetVersion>1.0.2059</targetVersion>
	<description>With this mod, all your colonists are queer! Anyone can romance anyone regardless of gender!

Other factors determining if a colonist will be interested in another colonist, such as age and shared traits, still apply.

Mod also:

- Widens age ranges that colonists will be interested in (because they were were weirdly gendered with men being more interested in younger women and women more interested in older men. So we basically just made them the same for both genders)
- Gets rid of the Gay trait for colonists (because now anyone can be gay!)
- Gets rid of some gendered things like men being more likely to propose (Yay gender equality!)

Created by Suzi and Marcus</description>
</ModMetaData>
